group,name_en,name_ar,low,order,count_unit,variants,notes
ingredients,Espresso beans,حبوب الإسبريسو,5kg,10kg,kg,,For all espresso drinks
ingredients,Saudi coffee,قهوة سعودية,2kg,5kg,kg,,
ingredients,Cardamom,هيل,0.5kg,1kg,kg,,
ingredients,Turkish coffee,قهوة تركية,1kg,2kg,kg,,
ingredients,Fresh milk 1L,حليب طازج ١ لتر,24pc,4ct,piece,,
ingredients,Oat milk,حليب شوفان,6pc,1ct,piece,,Milk option in the app — confirm
ingredients,Almond milk,حليب لوز,6pc,1ct,piece,,Milk option in the app — confirm
ingredients,Caramel sauce,صوص كراميل,2pc,6pc,piece,,Caramel latte
ingredients,Salted caramel sauce,صوص سولتد كراميل,2pc,6pc,piece,,
ingredients,White mocha sauce,صوص وايت موكا,2pc,6pc,piece,,
ingredients,Mocha sauce,صوص موكا,2pc,6pc,piece,,
ingredients,Hot chocolate powder,بودرة هوت شوكلت,1kg,3kg,kg,,
ingredients,Matcha,ماتشا,0.5kg,1kg,kg,,
ingredients,Fresh mint,نعناع طازج,H.F,2pk,level,,Mojito — counted Full / Half / Little
ingredients,Lime,ليمون,H.F,1ct,level,,Mojito — counted Full / Half / Little
ingredients,Mojito syrup,سيروب موهيتو,2pc,6pc,piece,,
ingredients,Iced tea mix,خلطة آيس تي,1kg,3kg,kg,,
ingredients,Hibiscus,كركديه,1kg,2kg,kg,,
ingredients,Black tea bags,أكياس شاي أحمر,2pk,1ct,pack,,
ingredients,Juice 250ml,عصير ٢٥٠ مل,24pc,2ct,piece,,
ingredients,Water 330ml,ماء ٣٣٠ مل,40pc,4ct,piece,,
ingredients,Ice bag,كيس ثلج,10pc,30pc,piece,,
ingredients,Croissant (frozen),كرواسون مجمد,10pc,40pc,piece,Zaatar | Cheese | ZaatarChoc | Almond,Each filling counted separately
ingredients,Sourdough bread,خبز ساوردو أسمر,10pc,30pc,piece,,Halloumi pesto · Omelette
ingredients,Brown samoon,خبز صامولي أسمر,10pc,30pc,piece,,Boiled egg · Kebda
ingredients,Brown tortilla,خبز تورتيلا أسمر,10pc,30pc,piece,,Falafel wrap
ingredients,Eggs,بيض,30pc,90pc,piece,,
ingredients,Halloumi,جبن حلوم,1kg,3kg,kg,,
ingredients,Sliced cheese,جبن شرائح,1kg,3kg,kg,,
ingredients,Labneh,لبنة,1kg,3kg,kg,,
ingredients,Pesto,بيستو,0.5kg,1kg,kg,,
ingredients,Veal liver,كبدة عجل,2kg,5kg,kg,,Kebda sandwich
ingredients,Falafel (frozen),فلافل مجمد,40pc,1ct,piece,,
ingredients,Feta Danish,دانيش فيتا,6pc,20pc,piece,,
ingredients,Cheesecake slice,شريحة تشيز كيك,4pc,12pc,piece,Pistachio | Lotus | Berry,Each flavour counted separately
ingredients,Tiramisu,تراميسو,4pc,12pc,piece,,
ingredients,Pudding,بودنغ,4pc,12pc,piece,Date | Chocolate,
ingredients,English cake,إنجليش كيك,3pc,10pc,piece,Lemon | Carrot | Chocolate,
ingredients,Brownies,براونيز,6pc,20pc,piece,,
ingredients,Cookies,كوكيز,6pc,24pc,piece,,
ingredients,Pecan tart,تارت البيكان,6pc,20pc,piece,,
ingredients,Madeleine,مادلين,6pc,20pc,piece,,
ingredients,Granola bar,قرانولا,6pc,20pc,piece,,
ingredients,Truffles,ترافلز,10pc,40pc,piece,,
ingredients,Sugar sticks,أعواد سكر,1pk,1ct,pack,,
supplies,8oz hot cup,كوب حار ٨ أونص,200pc,1ct,piece,,
supplies,12oz hot cup,كوب حار ١٢ أونص,300pc,2ct,piece,,
supplies,Hot cup lid,غطاء كوب حار,300pc,2ct,piece,,
supplies,16oz cold cup,كوب بارد ١٦ أونص,300pc,2ct,piece,,Kav green cup
supplies,Cold cup lid,غطاء كوب بارد,300pc,2ct,piece,,
supplies,Saudi coffee cup,فنجان قهوة سعودية,200pc,1ct,piece,,
supplies,Cup sleeve,كم كوب,200pc,1ct,piece,,
supplies,Straw,مصاص,4pk,1ct,pack,,
supplies,Cup holder (4),حامل أكواب رباعي,100pc,1ct,piece,,Drive-thru
supplies,Drive-thru paper bag,كيس ورقي درايف ثرو,100pc,1ct,piece,,
supplies,Sandwich wrap paper,ورق تغليف سندويش,1pk,2pk,pack,,
supplies,Dessert box,بوكس حلى,50pc,200pc,piece,,
supplies,Napkins,مناديل,4pk,1ct,pack,,
supplies,Plastic spoon,ملاعق بلاستيك,2pk,1ct,pack,,
supplies,Gloves,قفازات,4pk,1ct,pack,,
supplies,Hair cap,غطاء رأس,2pk,1ct,pack,,
supplies,Face mask,كمامات,2pk,4pk,pack,,
supplies,Date sticker,ستيكر تواريخ,2pc,4pc,piece,,
supplies,Printer roll,ورق طابعة,6pc,1ct,piece,,
supplies,Trash bag,كيس نفايات,3pk,1ct,pack,,
supplies,Dish soap,صابون غسيل,H.F,2pc,level,,Counted as Full / Half / Little
supplies,Sanitizer,معقم,H.F,2pc,level,,Counted as Full / Half / Little
supplies,Floor cleaner,منظف أرضيات,H.F,1pc,level,,Counted as Full / Half / Little
supplies,Glass cleaner,منظف زجاج,H.F,1pc,level,,Counted as Full / Half / Little
